title,phone,emails,website,category,address,review_rating,review_count
Empire The Hair Lounge,,,,Hairdresser,"Urdu gali opp Telangana housing board basheer bagh, Himayatnagar, Hyderabad, Telangana 500029",4.800000,1255
Jawed Habib Hair & Beauty Salon,099665 67623,,https://store.zylu.co/jawed-habib-abids,Beauty Parlour,"Ground Floor, Jawed Habib Hair & Beauty Salon, 5-4-790, Near, Pulla Reddy Sweets, beside Metro footwears, near ISKCON TEMPLE, Abids, Hyderabad, Telangana 500001",4.600000,723
PM HAIR STUDIO HAIR & BEAUTY SALOON,092924 04505,,,Hair salon,"1St Floor, PM HAIR STUDIO HAIR & BEAUTY SALOON, shankar Matt, Vegetable Market Rd, above Ram Reddy Chicken, opp. Axis Bank, Padma Colony, New Nallakunta, Hyderabad, Telangana 500044",4.600000,827
Naturals Salon - Abids,070930 70008,"abids.naturals@gmail.com, naturalshimayatnagar@gmail.com, naturals.barkatpura.hyd@gmail.com, gandhinagarrtc.naturals@gmail.com, naturalsvijaynagarcolony@gmail.com, Vidhyanagar.naturals@gmail.com, padmaraonagar.naturals@gmail.com, naturals.banjarahills3@gmail.com, Naturals.sindhicolonypgroad@gmail.com, malakpet.naturals@gmail.com, ramanthapur.naturals@gmail.com, attapur.naturals@gmail.com, marketing.amogham@gmail.com",https://salons.naturals.in/naturals-salon-beauty-salons-abids-hyderabad-430079/Home?utm_source=locator&utm_medium=googleplaces,Beauty Parlour,"Silver Drops, Gun Foundry, Abids, Hyderabad, Telangana 500001",4.600000,986
Scaarlett Unisex Salon,097979 75748,,https://scaarlettunisexsalon.com/,Beauty Parlour,"opp:udai omni hospital, Ramachander house,chapel road,Basheer bagh, Nampally, Hyderabad, Telangana 500001",4.800000,202
Glam Emporio Family Salon,091001 53444,,https://store.zylu.co/glam-emporio,Hairdresser,"opp. Union bank, Brook Bond Colony, Chirag Ali Lane, Abids, Hyderabad, Telangana 500001",4.800000,204
"Habibs Hair and Beauty Salon, Narayanguda",063003 97625,,https://salonhabibs.in/narayanguda-female-services.html,Beauty Parlour,"3-4-659/4, Narayanguda Rd, beside Jio Store, opp. Raymonds Showroom, Chitrapuri Colony, Lingampally, Narayanguda, Hyderabad, Telangana 500027",4.600000,504
Green Trends unisex Hair and Style Salon,091007 33002,,https://salons.mygreentrends.in/salon-in-new-nallakunta-hyderabad-telangana,Beauty Parlour,"Ground Floor, Green Trends unisex Hair and Style Salon, Siri Sampada Apartments, No. 2-1-195/1, A/G2, Vegetable Market Rd, New Nallakunta, Hyderabad, Telangana 500044",4.800000,3950
Toni & Guy Essensuals Abids,090002 92716,,https://www.toniandguyabids.in/,Hairdresser,"2nd Floor, Toni & Guy Essensuals Abids, City Plaza Building, No.5-9-247/3, Abids Road, Hyderabad, Telangana 500001",4.700000,543
Vave Unisex Salon Himayatnagar,090002 25144,,http://www.vavesalon.com/,Hairdresser,"Sri Chaitanya Junior Kalasala Building, Hno 3-6-771, Flyover, beside Himayatnagar, Himayatnagar, Hyderabad, Telangana 500029",4.900000,71
Studio 18 Unisex Salon,076720 08343,,https://studio-18-unisex-salon.grexa.site/,Hairdresser,"3-4 851/A, Barkatpura, Chaman, Hyderabad, Telangana 500027",4.900000,76
UNIQUE BEAUTY SALON,091337 88547,,https://uniquebeautysalon.ai.studio/,Beauty Parlour,"building 1st floor, UNIQUE BEAUTY SALON, saleem khatoon majid, 3-5-915, Himayat Nagar Rd, Venkata swamy Nagar, Himayatnagar, Hyderabad, Telangana 500029",4.800000,218
U & I Hair And Beauty Studio.,099495 90013,,,Beauty Parlour,"5-8-453/A, Chirag Ali Ln, opposite cell world, Karimabad Cooperative Society, Abids, Hyderabad, Telangana 500001",4.900000,259
Zamm's,098491 86382,contact@zamms.in,http://www.zamms.in/,Beauty Parlour,"#5-8-507, T, Pandharinath Building, Block A, Chirag Ali Lane, Abids, Hyderabad, Telangana 500001",4.700000,355
"TONI&GUY, HIMAYATNAGAR",093460 88888,,https://toniandguy-purpleenvogue.in/,Hair salon,"RK Saboo Plaza, 3-6-476, 4th Floor, Himayatnagar, Hyderabad, Telangana 500029",4.500000,1958
"Lakme Salon in Himayath Nagar,Hyderabad",091671 42013,care.llpl@unilever.com,https://salons.lakmesalon.in/lakme-salon-in-himayath-nagar-hyderabad-himayathnagar-hyderabad-beauty-parlour-himayatnagar-hyderabad-349575/Home,Beauty Parlour,"G/4 & 3/6/56, Aaltos A & M Trade Centre Himayat Nagar Road, Besides Subway, Himayatnagar, Hyderabad, Telangana 500029",4.600000,1646
Grapes Hair Beauty And Makeup Studio,098666 91968,,,Beauty Parlour,"Himayatnagar, Hyderabad, Telangana 500029",4.700000,377
Lifestyle Unisex Salon,098851 46155,,,Hairdresser,"opp. Grand Hotel, beside Jaya Intl Hotel, Hanuman Tekdi, Abids, Hyderabad, Telangana 500001",5.000000,58
"Lakme Salon in King Koti,Hyderabad",091671 43258,care.llpl@unilever.com,https://salons.lakmesalon.in/lakme-salon-in-king-koti-hyderabad-kingkothixroad-hyderabad-beauty-parlour-abids-hyderabad-349582/Home,Beauty Parlour,"Door No. 5-9-1121, Shop No G1, G2 , Agarwal Chambers, King Kothi X Road, Abids, Hyderabad, Telangana 500001",4.600000,1034
Total Look,040 6682 1437,,,Beauty Parlour,"C & C1:ground Floor, Total Look, 5-8-511, Chirag Ali Ln, opp. National Medical Hall, Karimabad Cooperative Society, Abids, Hyderabad, Telangana 500001",4.600000,711
Habibs Hair & Beauty Salon,099595 11000,,https://salonhabibs.in/himayatnagar-female-services.html,Beauty Parlour,"3-6-562/3,first floor, above Mc Donald's, Himayatnagar, Hyderabad, Telangana 500029",4.600000,1041
JUICE SALON,093925 71455,,https://instagram.com/juicesalonhimayatnagar_veda?igshid=dpz8pdurko73,Beauty Parlour,"Royal comfort,Street No.17, 3-6-156/A,2, Urdu Galli, Himayatnagar, Hyderabad, Telangana 500029",4.500000,708
Scissors unisex salon,093469 72723,,,Hairdresser,"Scissors Unisex Salon in Laxmi Balaji complex sellar, Goshamahal Rd, near Traffic Training Institute, Hyderabad, Telangana 500012",4.800000,59
Urban Trim,063094 80713,,https://www.urbantrim.in/,Hair salon,"4-2-713, Ramkoti, King Koti, Hyderabad, Telangana 500001",4.900000,121
A.D Salon & Academy,083417 72609,,http://adsalonandacademy.in/,Beauty Parlour,"11 1st floor, A.D Salon & Academy, mount meru arcade, 5-8-220, Chirag Ali Ln, opp. to badshah manzil, Mahesh Nagar, Abids, Hyderabad, Telangana 500001",5.000000,369
SA Studio- Salon | Nails | Makeup,096399 66661,,https://www.instagram.com/nailsby_sanjoli?igsh=MWN5azgyNnE5MGg0aA==,Nail salon,"SA Studio, opposite telangana yuvathi mandali function hall, beside union bank, Barkatpura, chaman, Hyderabad, Telangana 500027",4.900000,283
Shapes unisex salon,095504 89746,,,Barber shop,"hig plot, Shapes unisex salon, sanjeeva reddy building, opposite to stellar residency, Hari Vihar Colony, Bhawani Nagar, Narayanguda, Hyderabad, Telangana 500027",5.000000,53
Manha Beauty Salon & Academy,063009 50342,,,Beauty Parlour,"MRM Heights 1st Floor Near Sahifa Masjid Road Chaderghat, Sahifa Masjid Rd, Azampura, Malakpet, Hyderabad, Telangana 500024",4.700000,838
V CARE DHYANI HAIR & MAKEUP,091608 32079,,https://dhyani-hair-makeup-nails.grexa.site/,Beauty Parlour,"1st floor, V CARE DHYANI HAIR & MAKEUP, OPP:- I NOX, 3-5, 1138/2, Kachiguda X Rd, above VINAYAKA LASER, Hyderabad, Telangana 500001",4.900000,148
HAIR MAGICIAN UNISEX SALON,091214 32073,,,Hair salon,"3, 4-741, Lingampally Street No 9, Chitrapuri Colony, Lingampally, Narayanguda, Hyderabad, Telangana 500027",5.000000,24
"Green Trends Unisex Salon, Old Malakpet, Hyderabad",078936 77944,,https://salons.mygreentrends.in/green-trends/salon-in-hyderabad/salon-in-malakpet/green-trends-salon-in-malakpet-hyderabad--66c85bde-d865-4fe5-877d-05909ad1fa9f/home,Beauty Parlour,"1st Flr, Green Trends Unisex Salon, Old Malakpet, Hyderabad, Besides Pizza Hut, No. 16-11-19/9/5, Mumbai Hwy, Saleem Nagar Colony, Malakpet Extension, Old Malakpet, Hyderabad, Telangana 500036",4.700000,3281
GLOSS,091777 80349,,,Nail salon,"Mehak, Rasfa, Old MLA Quarters Rd, King Koti, Hyderguda, Telangana 500029",4.600000,92
Sahiba Salon,098858 11000,,,Beauty Parlour,"Hyline Towers, opp. Agarwal Chambers, Shergate, Gun Foundry, Basheer Bagh, Hyderabad, Telangana 500001",4.300000,366
infuse salon,099661 24449,,http://instagram.com/infusesalonhyd,Beauty Parlour,"3-6-66/1 1st floor,near bajrang paan shop near old, Skyline Theatre Rd, Hyderabad, Telangana 500029",4.700000,305
Abha Be Gorgeous,080741 80585,,,Beauty Parlour,"3-4-69/70, opp. raghavendra swamy temple, Lingampally, Kachiguda, Hyderabad, Telangana 500027",4.900000,211
Sangeeth Mens Hair Saloom,092901 60026,,,Hair salon,"8-607/9, Sangeeth Mens Hair Saloom, Chikkadpally, Hyderabad, Telangana 500044",4.800000,180
Sri Balaji Hair Salon,092931 18461,,,Hair salon,"4-3-528, Hanuman Tekdi, Koti, Hyderabad, Telangana 500001",4.700000,67
Beau Hair & Beauty Salon,090520 52343,,,Beauty Parlour,"G-I and GII, 4-1-6, Eden Garden Rd, Ramkoti, King Koti, Hyderabad, Telangana 500001",4.000000,291
Majestic hair & beauty salon,099086 01002,,,Beauty Parlour,"JR Mall, Nampally Station Rd, Karimabad Cooperative Society, Abids, Hyderabad, Telangana 500001",4.600000,119
Glam Up,099591 09835,,,Beauty Parlour,"shop first floor, Glam Up, papalal Sweet, Narayanguda Rd, opposite water tanker, beside Balaji Arcade, Venkateshwara Colony, King Koti, Narayanguda, Hyderabad, Telangana 500029",4.700000,185
